{"cameraMode":{"drawMode":0,"name":"Shaded","section":"Shading Mode"},"sceneLighting":false,"audioPlay":false,"sceneViewState":{"m_AlwaysRefresh":false,"showFog":true,"showSkybox":false,"showFlares":true,"showImageEffects":true,"showParticleSystems":true,"showVisualEffectGraphs":true,"m_FxEnabled":true},"in2DMode":false,"pivot":{"x":7.449999809265137,"y":2.0999999046325685,"z":-0.6399999856948853},"rotation":{"x":-0.09599947929382324,"y":0.28974226117134097,"z":-0.029196789488196374,"w":-0.9518569707870483},"size":12.03794002532959,"orthographic":false}