{"cameraMode":{"drawMode":0,"name":"Shaded","section":"Shading Mode"},"sceneLighting":false,"audioPlay":false,"sceneViewState":{"m_AlwaysRefresh":false,"showFog":true,"showSkybox":false,"showFlares":true,"showImageEffects":true,"showParticleSystems":true,"showVisualEffectGraphs":true,"m_FxEnabled":true},"in2DMode":false,"pivot":{"x":3.3494372367858888,"y":0.9888826608657837,"z":0.21060898900032044},"rotation":{"x":-0.005983160343021154,"y":-0.9532057046890259,"z":0.3017764389514923,"w":-0.018853969871997834},"size":1.4797065258026124,"orthographic":false}